file,scan_idx,nray,nbin,detections,mean_confidence
GPM_2ADPR.07ː2A.GPM.DPR.V9-20211125.20180105-S083313-E100547.021900.V07A.HDF5,0,49,176,2,0.7599344253540039
GPM_2ADPR.07ː2A.GPM.DPR.V9-20211125.20180105-S083313-E100547.021900.V07A.HDF5,1,49,176,3,0.8544397950172424
GPM_2ADPR.07ː2A.GPM.DPR.V9-20211125.20180105-S083313-E100547.021900.V07A.HDF5,2,49,176,0,0.0
GPM_2ADPR.07ː2A.GPM.DPR.V9-20211125.20180105-S083313-E100547.021900.V07A.HDF5,3,49,176,0,0.0
GPM_2ADPR.07ː2A.GPM.DPR.V9-20211125.20180105-S083313-E100547.021900.V07A.HDF5,4,49,176,0,0.0
GPM_2ADPR.07ː2A.GPM.DPR.V9-20211125.20180105-S083313-E100547.021900.V07A.HDF5,5,49,176,0,0.0
GPM_2ADPR.07ː2A.GPM.DPR.V9-20211125.20180105-S083313-E100547.021900.V07A.HDF5,6,49,176,0,0.0
GPM_2ADPR.07ː2A.GPM.DPR.V9-20211125.20180105-S083313-E100547.021900.V07A.HDF5,7,49,176,2,0.7879875898361206
GPM_2ADPR.07ː2A.GPM.DPR.V9-20211125.20180105-S083313-E100547.021900.V07A.HDF5,8,49,176,0,0.0
GPM_2ADPR.07ː2A.GPM.DPR.V9-20211125.20180105-S083313-E100547.021900.V07A.HDF5,9,49,176,0,0.0
GPM_2ADPR.07ː2A.GPM.DPR.V9-20211125.20180105-S083313-E100547.021900.V07A.HDF5,10,49,176,0,0.0
GPM_2ADPR.07ː2A.GPM.DPR.V9-20211125.20180105-S083313-E100547.021900.V07A.HDF5,11,49,176,0,0.0
GPM_2ADPR.07ː2A.GPM.DPR.V9-20211125.20180105-S083313-E100547.021900.V07A.HDF5,12,49,176,0,0.0
GPM_2ADPR.07ː2A.GPM.DPR.V9-20211125.20180105-S083313-E100547.021900.V07A.HDF5,13,49,176,0,0.0
GPM_2ADPR.07ː2A.GPM.DPR.V9-20211125.20180105-S083313-E100547.021900.V07A.HDF5,14,49,176,0,0.0
GPM_2ADPR.07ː2A.GPM.DPR.V9-20211125.20180105-S083313-E100547.021900.V07A.HDF5,15,49,176,0,0.0
GPM_2ADPR.07ː2A.GPM.DPR.V9-20211125.20180105-S083313-E100547.021900.V07A.HDF5,16,49,176,0,0.0
GPM_2ADPR.07ː2A.GPM.DPR.V9-20211125.20180105-S083313-E100547.021900.V07A.HDF5,17,49,176,5,0.7042580246925354
GPM_2ADPR.07ː2A.GPM.DPR.V9-20211125.20180105-S083313-E100547.021900.V07A.HDF5,18,49,176,6,0.846325695514679
GPM_2ADPR.07ː2A.GPM.DPR.V9-20211125.20180105-S083313-E100547.021900.V07A.HDF5,19,49,176,1,0.3970974087715149
GPM_2ADPR.07ː2A.GPM.DPR.V9-20211125.20180105-S083313-E100547.021900.V07A.HDF5,20,49,176,0,0.0
GPM_2ADPR.07ː2A.GPM.DPR.V9-20211125.20180105-S083313-E100547.021900.V07A.HDF5,21,49,176,0,0.0
GPM_2ADPR.07ː2A.GPM.DPR.V9-20211125.20180105-S083313-E100547.021900.V07A.HDF5,22,49,176,3,0.8118270039558411
GPM_2ADPR.07ː2A.GPM.DPR.V9-20211125.20180105-S083313-E100547.021900.V07A.HDF5,23,49,176,1,1.0
GPM_2ADPR.07ː2A.GPM.DPR.V9-20211125.20180105-S083313-E100547.021900.V07A.HDF5,24,49,176,0,0.0
GPM_2ADPR.07ː2A.GPM.DPR.V9-20211125.20180105-S083313-E100547.021900.V07A.HDF5,25,49,176,0,0.0
GPM_2ADPR.07ː2A.GPM.DPR.V9-20211125.20180105-S083313-E100547.021900.V07A.HDF5,26,49,176,0,0.0
GPM_2ADPR.07ː2A.GPM.DPR.V9-20211125.20180105-S083313-E100547.021900.V07A.HDF5,27,49,176,0,0.0
GPM_2ADPR.07ː2A.GPM.DPR.V9-20211125.20180105-S083313-E100547.021900.V07A.HDF5,28,49,176,0,0.0
GPM_2ADPR.07ː2A.GPM.DPR.V9-20211125.20180105-S083313-E100547.021900.V07A.HDF5,29,49,176,0,0.0
GPM_2ADPR.07ː2A.GPM.DPR.V9-20211125.20180105-S083313-E100547.021900.V07A.HDF5,30,49,176,0,0.0
GPM_2ADPR.07ː2A.GPM.DPR.V9-20211125.20180105-S083313-E100547.021900.V07A.HDF5,31,49,176,0,0.0
GPM_2ADPR.07ː2A.GPM.DPR.V9-20211125.20180105-S083313-E100547.021900.V07A.HDF5,32,49,176,0,0.0
GPM_2ADPR.07ː2A.GPM.DPR.V9-20211125.20180105-S083313-E100547.021900.V07A.HDF5,33,49,176,0,0.0
GPM_2ADPR.07ː2A.GPM.DPR.V9-20211125.20180105-S083313-E100547.021900.V07A.HDF5,34,49,176,0,0.0
GPM_2ADPR.07ː2A.GPM.DPR.V9-20211125.20180105-S083313-E100547.021900.V07A.HDF5,35,49,176,0,0.0
GPM_2ADPR.07ː2A.GPM.DPR.V9-20211125.20180105-S083313-E100547.021900.V07A.HDF5,36,49,176,0,0.0
GPM_2ADPR.07ː2A.GPM.DPR.V9-20211125.20180105-S083313-E100547.021900.V07A.HDF5,37,49,176,0,0.0
GPM_2ADPR.07ː2A.GPM.DPR.V9-20211125.20180105-S083313-E100547.021900.V07A.HDF5,38,49,176,0,0.0
GPM_2ADPR.07ː2A.GPM.DPR.V9-20211125.20180105-S083313-E100547.021900.V07A.HDF5,39,49,176,0,0.0
GPM_2ADPR.07ː2A.GPM.DPR.V9-20211125.20180105-S083313-E100547.021900.V07A.HDF5,40,49,176,0,0.0
GPM_2ADPR.07ː2A.GPM.DPR.V9-20211125.20180105-S083313-E100547.021900.V07A.HDF5,41,49,176,0,0.0
GPM_2ADPR.07ː2A.GPM.DPR.V9-20211125.20180105-S083313-E100547.021900.V07A.HDF5,42,49,176,0,0.0
GPM_2ADPR.07ː2A.GPM.DPR.V9-20211125.20180105-S083313-E100547.021900.V07A.HDF5,43,49,176,0,0.0
GPM_2ADPR.07ː2A.GPM.DPR.V9-20211125.20180105-S083313-E100547.021900.V07A.HDF5,44,49,176,0,0.0
GPM_2ADPR.07ː2A.GPM.DPR.V9-20211125.20180105-S083313-E100547.021900.V07A.HDF5,45,49,176,0,0.0
GPM_2ADPR.07ː2A.GPM.DPR.V9-20211125.20180105-S083313-E100547.021900.V07A.HDF5,46,49,176,0,0.0
GPM_2ADPR.07ː2A.GPM.DPR.V9-20211125.20180105-S083313-E100547.021900.V07A.HDF5,47,49,176,0,0.0
GPM_2ADPR.07ː2A.GPM.DPR.V9-20211125.20180105-S083313-E100547.021900.V07A.HDF5,48,49,176,0,0.0
GPM_2ADPR.07ː2A.GPM.DPR.V9-20211125.20180105-S083313-E100547.021900.V07A.HDF5,49,49,176,0,0.0
